"File","3_prime_UTR_variant","5_prime_UTR_premature_start_codon_gain_variant","5_prime_UTR_variant","conservative_inframe_deletion","conservative_inframe_insertion","disruptive_inframe_deletion","disruptive_inframe_insertion","disruptive_inframe_insertion&splice_region_variant","frameshift_variant","frameshift_variant&start_lost","initiator_codon_variant","initiator_codon_variant&non_canonical_start_codon","intragenic_variant","intron_variant","missense_variant","missense_variant&splice_region_variant","non_coding_transcript_variant","splice_acceptor_variant&intron_variant","splice_acceptor_variant&splice_region_variant&intron_variant","splice_donor_variant&intron_variant","splice_region_variant","splice_region_variant&intron_variant","splice_region_variant&stop_retained_variant","splice_region_variant&synonymous_variant","start_lost","stop_gained","stop_gained&disruptive_inframe_insertion","stop_gained&splice_region_variant","stop_lost","stop_lost&conservative_inframe_deletion","stop_lost&splice_region_variant","stop_retained_variant","synonymous_variant","upstream_gene_variant"
"Carbon_storage.csv",188,22,120,0,0,0,0,0,0,0,0,0,119,786,136,1,0,0,0,0,5,8,0,2,0,2,0,0,2,0,0,0,226,883
"CHELSA_BIO1.csv",200,21,93,0,0,0,0,0,2,0,1,0,190,654,196,0,0,2,0,0,5,8,0,4,0,0,0,0,0,0,0,0,262,862
"CHELSA_BIO10.csv",171,24,151,0,0,0,0,0,2,0,1,0,114,757,144,1,0,2,0,0,8,8,0,5,0,2,0,0,0,0,0,1,226,883
"CHELSA_BIO11.csv",208,21,93,0,0,0,0,0,2,0,1,0,172,617,216,1,0,2,0,0,6,5,0,4,0,2,0,0,0,0,0,0,270,880
"CHELSA_BIO12.csv",172,26,178,0,0,0,0,0,4,0,0,0,104,628,208,0,0,2,0,1,1,14,0,2,0,5,0,0,0,0,0,0,238,917
"CHELSA_BIO13.csv",156,28,137,0,0,0,2,0,0,0,0,0,186,898,174,3,0,3,0,1,1,21,1,3,0,4,0,0,2,0,0,0,223,657
"CHELSA_BIO14.csv",154,29,166,0,0,0,2,0,2,0,0,0,88,782,161,1,0,0,0,0,1,13,0,2,0,8,0,0,0,0,0,1,248,842
"CHELSA_BIO15.csv",164,19,98,0,0,0,2,0,2,0,0,0,47,765,222,2,0,1,0,3,0,14,1,1,0,3,0,0,1,0,0,1,150,1004
"CHELSA_BIO16.csv",169,27,136,0,0,0,0,0,0,0,0,0,190,900,180,3,0,3,0,1,1,22,1,1,0,4,0,0,0,0,0,0,221,641
"CHELSA_BIO17.csv",154,27,169,0,0,0,2,0,4,0,0,0,87,819,159,1,0,0,0,0,1,12,0,2,0,4,0,0,0,0,0,1,255,803
"CHELSA_BIO18.csv",140,20,137,0,0,0,0,0,0,0,0,0,135,816,135,1,0,0,2,4,5,13,0,3,0,3,0,0,0,0,0,0,253,833
"CHELSA_BIO19.csv",267,19,135,0,0,0,0,0,4,0,0,0,107,788,155,2,0,0,0,0,3,13,0,2,0,3,0,0,0,0,0,0,168,834
"CHELSA_BIO2.csv",210,14,116,0,2,0,2,0,0,0,0,1,66,807,194,4,0,0,0,3,6,23,0,3,1,0,0,0,1,0,0,0,209,838
"CHELSA_BIO3.csv",180,19,170,0,0,0,0,0,0,0,0,1,51,910,109,3,0,0,0,2,13,34,0,7,0,0,0,0,1,0,0,0,304,696
"CHELSA_BIO4.csv",241,29,139,0,0,0,2,0,4,0,0,0,124,623,222,4,0,0,0,2,6,9,1,2,0,5,0,2,1,0,0,0,232,852
"CHELSA_BIO5.csv",137,26,165,0,8,0,0,0,0,0,0,0,113,957,117,0,0,0,0,3,5,13,0,3,0,2,0,0,0,0,0,1,238,712
"CHELSA_BIO6.csv",227,19,96,0,0,0,2,0,4,0,1,0,165,584,211,1,0,2,0,0,3,8,0,5,0,2,0,0,0,0,0,0,256,914
"CHELSA_BIO7.csv",168,25,180,0,0,0,4,0,0,0,0,1,41,847,122,3,0,0,0,2,11,31,0,6,1,2,0,0,2,0,0,0,298,756
"CHELSA_BIO8.csv",200,27,157,0,0,0,0,0,4,0,1,0,98,725,218,2,0,2,0,0,2,15,0,5,0,4,0,0,0,0,0,0,244,796
"CHELSA_BIO9.csv",244,18,120,0,0,0,0,0,2,0,0,0,187,624,184,0,0,2,0,0,6,7,0,5,0,1,0,0,1,0,0,0,257,842
"CHELSA_Interann_pre.csv",199,32,247,4,2,0,4,0,2,0,0,0,35,705,270,1,0,1,0,1,4,14,0,1,0,7,0,0,0,0,0,0,280,691
"CHELSA_Interann_temp.csv",173,25,129,0,0,0,0,0,2,0,0,1,164,761,209,2,0,1,0,0,1,18,0,5,1,6,0,0,0,0,0,2,257,743
"CHELSA_Pre_spring.csv",208,18,154,0,0,0,0,0,0,0,0,0,94,783,147,1,0,3,0,3,4,11,0,1,0,2,0,0,1,0,0,1,206,863
"CHELSA_Pre_summer.csv",234,16,122,0,0,2,0,0,0,0,0,0,152,623,205,0,0,2,0,1,7,15,0,1,0,4,0,0,0,0,0,0,209,907
"CHELSA_Tmax_spring.csv",170,23,146,0,0,0,0,0,2,0,1,0,143,692,150,0,0,2,0,2,8,7,0,5,0,2,0,0,0,0,0,1,232,914
"CHELSA_Tmax_summer.csv",184,20,126,0,0,0,0,0,4,0,0,0,46,739,158,1,0,3,0,0,4,16,0,4,0,1,0,0,0,0,0,0,242,952
"CHELSA_Tmean_spring.csv",185,20,124,0,0,0,0,0,2,0,1,0,160,635,190,0,0,2,0,0,8,8,0,4,0,2,0,0,0,0,0,0,282,877
"CHELSA_Tmean_summer.csv",174,13,122,0,0,0,0,0,4,0,1,0,99,804,167,1,0,4,0,0,4,13,0,7,0,1,0,0,0,0,0,0,212,874
"CHELSA_Tmin_spring.csv",188,20,97,0,0,0,0,0,2,0,1,0,196,638,193,0,0,2,0,0,5,8,0,4,0,1,0,0,0,0,0,0,291,854
"CHELSA_Tmin_summer.csv",177,13,112,0,0,2,0,0,4,0,1,0,140,774,199,2,0,2,0,0,2,14,0,5,0,1,0,0,0,0,0,0,219,833
"CMCC_BIOCLIM_BIO1.csv",186,22,96,0,0,0,0,0,2,0,1,0,195,707,192,2,0,2,0,0,6,9,1,5,0,0,0,0,0,0,0,0,221,853
"CMCC_BIOCLIM_BIO10.csv",196,22,134,0,0,2,0,0,2,0,1,0,148,718,145,1,0,2,2,2,8,11,0,5,0,4,0,0,0,0,0,1,230,866
"CMCC_BIOCLIM_BIO11.csv",199,18,95,0,0,0,0,0,2,0,0,0,161,664,205,1,0,2,0,0,10,8,1,7,0,3,0,0,0,0,0,0,228,896
"CMCC_BIOCLIM_BIO12.csv",185,24,132,0,0,0,0,0,0,0,0,0,148,809,165,2,0,0,0,0,4,20,0,2,0,4,0,0,1,0,0,0,196,808
"CMCC_BIOCLIM_BIO13.csv",169,17,139,0,0,0,0,0,0,0,0,0,107,712,198,4,0,0,0,0,6,18,0,4,2,6,0,0,1,0,0,0,284,833
"CMCC_BIOCLIM_BIO14.csv",165,27,178,2,0,0,0,0,2,0,0,0,67,826,182,3,0,2,0,1,4,25,0,2,0,6,0,0,1,0,0,1,235,771
"CMCC_BIOCLIM_BIO15.csv",176,18,129,0,0,0,2,0,2,0,0,0,32,798,202,2,0,1,0,1,0,13,1,2,0,3,0,0,0,0,0,1,162,955
"CMCC_BIOCLIM_BIO16.csv",151,20,140,0,0,0,0,0,0,0,0,0,97,750,217,2,0,0,0,0,5,15,0,2,2,6,0,0,1,0,0,0,274,818
"CMCC_BIOCLIM_BIO17.csv",170,33,190,2,0,0,0,0,2,0,0,0,78,831,168,4,0,2,0,1,3,24,0,2,0,5,0,0,2,0,0,1,237,745
"CMCC_BIOCLIM_BIO18.csv",148,29,158,0,0,0,0,0,0,0,0,0,154,751,136,2,0,0,0,0,6,7,0,3,1,7,0,0,0,0,0,0,222,876
"CMCC_BIOCLIM_BIO19.csv",154,20,178,0,0,0,0,0,2,0,0,1,47,985,98,4,0,0,0,2,7,30,0,8,0,2,0,0,1,0,0,0,336,625
"CMCC_BIOCLIM_BIO2.csv",161,29,148,0,2,0,0,0,0,0,0,0,67,902,186,4,0,0,0,2,8,15,0,3,1,1,2,0,0,0,0,0,191,778
"CMCC_BIOCLIM_BIO20.csv",185,23,140,0,2,0,0,0,2,0,0,0,56,799,161,1,0,0,0,1,3,20,0,2,0,1,0,0,0,0,0,0,260,844
"CMCC_BIOCLIM_BIO21.csv",204,16,88,0,0,0,0,0,2,0,1,0,192,710,199,1,0,2,0,0,6,9,1,5,0,0,0,0,0,0,0,0,221,843
"CMCC_BIOCLIM_BIO22.csv",186,22,94,0,0,0,0,0,2,0,1,0,195,709,192,1,0,2,0,0,6,9,1,5,0,0,0,0,0,0,0,0,221,854
"CMCC_BIOCLIM_BIO23.csv",150,27,157,0,0,0,0,0,2,0,0,0,128,600,226,0,0,0,0,0,6,18,0,2,0,7,0,0,0,0,0,0,262,915
"CMCC_BIOCLIM_BIO24.csv",188,24,132,0,0,0,0,0,0,0,0,0,142,806,168,2,0,0,0,0,4,20,0,2,0,4,0,0,1,0,0,0,197,810
"CMCC_BIOCLIM_BIO25.csv",240,15,102,4,2,4,0,0,0,0,0,0,61,912,181,4,0,0,0,0,1,11,0,1,1,7,0,0,0,0,0,2,216,736
"CMCC_BIOCLIM_BIO26.csv",199,16,82,0,0,0,0,0,2,0,1,0,191,699,198,1,0,2,0,0,5,8,0,5,0,0,0,0,0,0,0,0,235,856
"CMCC_BIOCLIM_BIO27.csv",226,21,113,0,2,0,2,0,2,0,0,0,122,642,219,4,0,0,0,2,6,8,1,2,0,4,0,2,1,0,0,0,215,906
"CMCC_BIOCLIM_BIO28.csv",165,20,149,0,0,0,0,0,2,0,1,0,112,782,137,1,0,2,2,2,8,10,0,5,0,7,0,0,0,0,0,1,225,869
"CMCC_BIOCLIM_BIO29.csv",214,18,95,0,0,0,0,0,2,0,0,0,159,643,216,1,0,2,0,0,10,7,1,6,0,3,0,0,0,0,0,0,236,887
"CMCC_BIOCLIM_BIO3.csv",197,14,103,0,0,0,0,0,0,0,0,0,74,806,166,2,0,2,0,2,5,11,0,6,0,1,0,0,1,0,0,0,251,859
"CMCC_BIOCLIM_BIO30.csv",213,17,106,0,0,0,0,0,2,0,0,0,214,643,185,1,0,2,0,0,8,7,0,5,0,2,0,0,0,0,0,0,234,861
"CMCC_BIOCLIM_BIO31.csv",204,22,94,0,0,0,0,0,2,0,1,0,213,781,149,0,0,2,0,0,4,13,0,4,0,1,0,0,0,0,0,0,209,801
"CMCC_BIOCLIM_BIO32.csv",190,16,94,0,0,0,0,0,2,0,1,0,225,632,183,1,0,2,0,0,4,7,0,5,0,1,0,0,0,0,0,0,266,871
"CMCC_BIOCLIM_BIO33.csv",174,19,155,0,0,0,0,0,0,0,0,0,165,649,185,1,0,1,0,1,13,16,0,3,0,6,0,0,0,0,0,0,227,885
"CMCC_BIOCLIM_BIO34.csv",161,29,138,0,0,0,0,0,0,0,0,0,156,872,162,1,0,0,0,0,5,11,0,3,0,3,0,0,0,0,0,0,257,702
"CMCC_BIOCLIM_BIO35.csv",210,20,87,0,0,0,0,0,0,0,0,0,223,680,177,2,0,0,0,0,4,8,0,1,0,2,0,0,0,0,0,0,258,828
"CMCC_BIOCLIM_BIO4.csv",222,25,146,0,2,0,2,0,2,0,0,1,106,646,205,4,0,0,0,2,6,16,1,2,0,4,0,2,1,0,0,0,249,856
"CMCC_BIOCLIM_BIO5.csv",137,31,170,0,8,0,0,0,0,0,0,0,137,878,126,0,0,0,0,3,5,15,0,3,0,3,0,0,0,0,0,1,240,743
"CMCC_BIOCLIM_BIO6.csv",215,16,91,0,0,0,2,0,4,0,0,0,154,658,221,4,0,2,0,2,6,8,0,3,0,1,0,0,1,0,0,0,236,876
"CMCC_BIOCLIM_BIO7.csv",179,22,169,0,0,0,4,0,2,0,0,1,61,825,133,3,0,0,0,2,11,34,0,6,2,1,0,0,1,0,0,0,308,736
"CMCC_BIOCLIM_BIO8.csv",211,24,96,0,0,0,0,0,2,0,1,0,211,788,150,2,0,2,0,0,2,11,0,4,0,1,0,0,0,0,0,0,206,789
"CMCC_BIOCLIM_BIO9.csv",211,17,99,0,0,0,0,0,2,0,0,0,211,640,190,1,0,2,0,0,8,5,0,5,0,1,0,0,0,0,0,0,243,865
"CO_Spring.csv",190,24,138,0,0,0,2,0,0,0,0,1,38,803,191,3,0,0,0,2,10,23,0,5,0,1,0,0,3,0,0,0,299,767
"CO_Summer.csv",187,26,133,0,0,0,0,0,2,0,1,0,88,665,157,5,0,2,0,2,4,9,0,4,0,2,0,2,0,0,0,0,289,922
"CRU_Cld_spring.csv",106,14,114,0,8,0,0,0,2,0,0,0,150,1018,144,0,0,0,0,3,4,5,0,1,0,5,0,0,0,0,0,1,229,696
"CRU_Cld_summer.csv",177,22,124,0,0,0,2,0,0,0,0,0,97,901,203,6,0,0,0,4,8,25,0,3,1,3,0,0,0,0,0,1,220,703
"CRU_Dtr_spring.csv",127,29,168,0,8,0,0,0,0,0,0,0,40,1118,119,3,0,0,0,4,4,19,0,3,0,1,2,0,0,0,0,1,190,664
"CRU_Dtr_summer.csv",215,19,133,0,2,0,0,0,0,0,0,0,100,906,140,5,0,0,0,3,4,23,0,6,0,2,0,0,0,0,0,0,222,720
"CRU_Frs_spring.csv",227,22,115,0,0,0,0,0,2,0,1,0,131,787,170,3,0,3,0,0,2,9,0,6,0,4,0,0,1,0,0,0,192,825
"CRU_Frs_summer.csv",176,9,87,0,0,2,2,0,2,0,0,0,52,850,141,1,0,0,0,0,1,19,0,2,0,0,0,0,1,0,0,0,248,907
"CRU_PET_spring.csv",130,19,148,0,0,0,0,0,0,0,0,0,113,961,128,0,0,0,2,5,5,14,0,3,0,6,0,0,0,0,0,1,244,721
"CRU_PET_summer.csv",159,23,129,0,0,0,0,0,0,0,0,0,129,844,124,1,0,0,0,0,6,16,0,2,0,4,0,0,0,0,0,0,223,840
"CRU_Pre_spring.csv",164,20,125,0,8,0,0,0,0,0,0,0,97,974,118,0,0,0,0,4,4,6,0,2,0,2,0,0,0,0,0,0,206,770
"CRU_Pre_summer.csv",173,23,158,0,0,0,0,0,0,0,0,0,198,610,160,0,0,0,0,0,5,15,0,2,0,8,0,0,1,0,0,0,291,856
"CRU_Tmn_spring.csv",200,21,92,0,0,0,0,0,2,0,0,0,171,706,200,1,0,2,0,0,4,8,0,4,0,0,0,0,0,0,0,0,236,853
"CRU_Tmp_spring.csv",185,15,94,0,0,0,0,0,2,0,0,0,257,635,171,1,0,2,0,0,6,6,0,4,0,1,0,0,0,0,0,0,243,878
"CRU_Tmp_summer.csv",215,14,86,0,0,2,2,0,2,0,0,0,245,761,174,0,0,2,0,0,0,9,0,3,0,1,0,0,0,0,0,0,217,767
"CRU_Tmx_spring.csv",194,23,107,0,0,0,0,0,0,0,0,0,249,666,156,1,0,0,0,0,6,6,1,2,0,2,0,0,0,0,0,1,242,844
"CRU_Tmx_summer.csv",204,18,103,0,0,2,2,0,2,0,0,0,265,739,174,0,0,3,0,0,0,9,0,3,0,1,0,0,0,0,0,0,215,760
"CRU_Vap_spring.csv",175,27,139,0,0,2,2,0,0,0,0,0,114,647,195,3,0,0,0,2,1,21,0,1,0,2,0,0,0,0,0,0,294,875
"CRU_Vap_summer.csv",199,22,97,0,0,0,0,0,0,0,0,0,216,718,140,1,0,2,0,0,5,9,0,2,0,0,0,0,0,0,0,0,194,895
"CRU_Wet_spring.csv",180,20,112,0,0,0,0,0,0,0,0,0,40,856,128,2,0,0,0,4,9,15,1,2,0,6,0,0,0,0,1,0,269,855
"CRU_Wet_summer.csv",295,24,105,2,0,0,0,0,0,0,0,0,169,593,172,0,0,0,0,0,7,16,0,1,1,9,0,0,2,0,0,0,258,846
"EDO_FAPAR_Spring.csv",235,21,115,0,2,0,0,0,0,0,0,0,89,749,153,2,0,2,0,0,1,11,0,4,2,3,0,0,0,0,0,0,191,920
"EDO_FAPAR_Summer.csv",200,22,169,0,0,2,2,0,0,0,0,0,108,733,179,5,0,4,0,2,0,13,0,2,0,4,0,0,0,0,0,0,202,853
"EDO_SPI_spring.csv",169,17,127,0,0,0,0,0,0,0,0,0,152,746,187,0,0,2,0,1,7,9,0,1,0,4,0,0,0,0,0,0,286,792
"EDO_SPI_summer.csv",261,31,190,0,0,0,0,0,4,0,1,0,61,744,239,2,2,1,0,0,6,30,0,2,0,8,0,0,0,0,0,0,205,713
"Envirem_annual_PET.csv",174,23,133,0,0,0,0,0,2,0,0,0,156,748,133,1,0,0,0,2,8,6,0,3,0,3,0,0,0,0,0,1,236,871
"Envirem_Aridity_Index_Thornthwaite.csv",230,17,97,0,0,0,2,0,0,0,0,0,97,722,196,2,0,1,0,0,2,19,1,4,0,4,0,0,0,0,0,1,210,895
"Envirem_Climatic_Moisture_Index.csv",154,35,189,0,0,0,0,0,2,0,0,0,139,697,145,1,0,0,0,0,4,17,0,1,0,5,0,0,0,0,0,0,240,871
"Envirem_Continentality.csv",226,21,110,0,0,0,2,0,4,0,0,0,136,611,214,4,0,0,0,2,7,9,1,2,0,3,0,0,1,0,0,0,216,931
"Envirem_Emberger_pluviothermic_quotient.csv",178,20,114,0,0,0,0,0,2,0,0,0,64,850,205,2,0,0,0,1,3,22,0,2,1,3,0,0,1,0,0,0,239,793
"Envirem_Growing_Degree_Days_0C.csv",209,24,98,0,0,0,0,0,2,0,1,0,155,687,202,1,0,2,0,0,3,5,0,4,0,0,0,0,0,0,0,0,211,896
"Envirem_Growing_Degree_Days_5C.csv",202,23,97,0,0,0,0,0,2,0,1,0,165,684,203,1,0,2,0,0,3,5,0,4,0,1,0,0,0,0,0,0,219,888
"Envirem_Max_Temp_Coldest_Month.csv",221,19,94,0,0,0,0,0,2,0,1,0,156,662,232,2,0,2,0,0,8,8,1,4,0,3,0,0,0,0,0,0,251,834
"Envirem_Min_Temp_Warmest_Month.csv",177,18,132,0,0,0,0,0,2,0,1,0,128,692,167,0,0,3,0,0,9,8,0,4,0,4,0,0,0,0,0,1,211,943
"Envirem_Month_Count_By_Temp_10C.csv",207,27,128,0,0,0,0,0,4,0,1,0,149,707,207,2,0,2,0,0,2,15,0,5,0,1,0,0,1,0,0,0,189,853
"Envirem_PET_Coldest_Quarter.csv",219,24,110,0,0,0,0,0,2,0,0,0,152,828,194,3,0,0,0,0,5,7,1,5,0,4,0,0,0,0,0,0,201,745
"Envirem_PET_Driest_Quarter.csv",216,15,138,0,0,0,0,0,0,0,0,0,129,666,150,1,0,0,0,1,9,10,0,4,0,4,0,0,1,0,0,0,236,920
"Envirem_PET_seasonality.csv",264,21,114,0,0,2,2,0,0,0,0,0,67,700,198,4,0,0,0,2,0,11,0,1,1,0,0,2,0,0,0,1,192,918
"Envirem_PET_Warmest_Quarter.csv",131,22,139,0,8,0,0,0,2,0,0,0,97,1026,100,0,0,0,0,3,5,14,0,3,0,4,0,0,0,0,0,1,227,718
"Envirem_PET_Wettest_Quarter.csv",185,37,260,0,2,0,2,0,2,0,0,1,44,737,220,3,0,0,0,2,8,31,0,5,0,3,0,0,2,0,0,0,366,590
"Envirem_Thermicity_Index.csv",208,22,97,0,0,0,0,0,4,0,1,0,143,641,214,1,0,2,0,0,5,5,0,4,0,1,0,0,0,0,0,0,254,898
"GDEM_Global_Digital_Elevation_Map.csv",167,25,120,0,0,0,0,0,2,0,0,0,218,944,153,0,0,2,0,0,5,22,0,1,0,3,0,0,1,0,1,0,202,634
"GISS_Global_temperature_anomaly_monthly_spring.csv",125,26,96,0,0,0,0,0,2,0,0,0,213,809,203,1,0,0,0,0,0,15,0,2,0,6,0,0,0,0,0,1,222,779
"GISS_Global_temperature_anomaly_montly_summer.csv",230,17,137,0,0,0,2,0,0,0,0,1,40,683,164,3,0,1,0,0,7,22,1,5,0,4,0,0,1,0,0,1,235,946
"GISS_Global_temperature_anomaly_yearly.csv",177,33,134,0,0,0,0,0,0,0,0,0,206,678,175,0,0,2,0,0,0,20,0,2,0,0,0,0,0,0,0,0,194,879
"GMT_intermediate_coast_distance.csv",232,12,93,0,0,0,0,0,2,0,1,0,93,728,210,3,0,3,0,1,4,11,0,3,0,2,0,0,0,0,0,1,276,825
"GOSIF_GPP_Spring.csv",273,10,89,0,2,0,0,0,2,0,0,0,71,807,259,2,0,0,0,0,1,13,0,2,1,7,0,0,0,0,0,1,330,630
"GOSIF_GPP_Summer.csv",272,11,91,0,2,0,0,0,2,0,0,0,74,803,261,2,0,0,0,0,1,13,0,2,1,7,0,0,0,0,0,1,328,629
"GPCC_Spring.csv",136,20,134,0,0,0,0,0,0,0,0,0,92,908,127,1,0,0,0,3,2,12,0,2,1,1,0,0,0,0,0,1,212,848
"GPCC_Summer.csv",252,12,112,0,0,2,0,0,0,0,0,0,174,596,196,3,0,0,0,2,2,10,0,1,0,6,0,0,1,0,0,1,237,893
"GPP_Spring.csv",149,28,143,0,4,0,2,0,0,2,0,0,100,980,156,1,0,2,0,0,3,14,0,1,3,0,0,0,1,0,0,0,189,722
"GPP_Summer.csv",165,39,222,0,4,0,0,0,0,2,0,1,108,822,246,4,0,0,0,2,2,14,0,1,3,3,0,0,0,0,0,0,192,670
"GPP_VPM.csv",231,15,128,0,0,0,0,0,4,0,0,0,85,702,188,3,0,0,0,0,2,17,1,6,0,4,0,0,0,0,0,0,225,889
"Growing_degree_days.csv",196,18,82,0,0,0,0,0,2,0,0,0,197,680,201,2,0,2,0,0,7,7,0,5,0,1,0,0,0,0,0,0,255,845
"GTOPO30_Elevation.csv",155,23,133,0,0,0,2,0,0,0,0,0,100,929,204,2,2,2,0,1,4,20,1,2,0,4,0,0,2,0,1,0,179,734
"HWSD_Subsoil_clay_fraction.csv",179,15,90,0,0,0,0,0,2,0,0,0,120,836,108,0,0,0,0,0,5,16,0,5,0,1,0,0,0,0,1,2,296,824
"HWSD_Subsoil_gravel_content.csv",232,39,202,0,0,0,0,0,2,0,0,0,173,724,228,1,0,1,0,0,12,17,0,1,0,3,0,1,0,0,0,1,211,652
"HWSD_Subsoil_organic_carbon.csv",149,17,117,0,0,0,0,0,0,0,0,0,62,916,229,1,0,0,0,1,2,29,0,2,0,6,0,0,0,0,0,0,230,739
"HWSD_Subsoil_pH.csv",237,42,234,2,0,0,0,0,2,0,0,1,56,824,135,1,0,0,0,0,2,10,0,5,1,4,0,0,0,0,0,0,200,744
"HWSD_Subsoil_ref_bulk_dens.csv",161,19,114,0,0,0,0,0,0,0,0,0,73,896,228,1,0,0,0,2,3,28,0,1,0,8,0,0,0,0,0,0,227,739
"HWSD_Subsoil_sand_fraction.csv",185,13,89,0,0,0,0,0,0,0,0,0,105,842,134,0,0,0,0,0,6,14,0,1,0,1,0,0,2,0,0,0,236,872
"HWSD_Subsoil_silt_fraction.csv",238,21,125,0,0,0,0,0,2,0,0,0,154,827,166,2,0,0,0,0,7,17,0,0,0,4,0,0,1,0,0,0,154,782
"HWSD_Topsoil_clay_fraction.csv",164,22,90,0,0,0,0,0,0,0,0,0,132,835,130,0,0,1,0,0,3,13,0,3,0,0,0,0,0,0,1,3,220,883
"HWSD_Topsoil_gravel_content.csv",176,25,114,0,0,0,2,0,2,0,0,0,214,679,231,5,0,0,0,0,4,14,1,4,1,3,0,0,0,0,1,0,202,822
"HWSD_Topsoil_pH.csv",204,32,194,2,0,0,0,0,2,0,0,0,58,849,126,1,0,0,0,0,2,15,0,4,1,2,0,0,1,0,0,0,168,839
"HWSD_Topsoil_ref_bulk_dens.csv",154,20,114,0,0,0,0,0,0,0,0,0,60,928,235,1,0,0,0,1,3,30,0,1,0,6,0,0,0,0,0,0,233,714
"HWSD_Topsoil_silt_fraction.csv",238,10,80,0,0,0,0,0,2,0,0,0,162,871,138,2,0,0,0,0,9,12,1,0,0,2,0,0,1,0,0,0,179,793
"LAI_Spring.csv",205,33,181,0,4,0,2,0,0,2,0,0,111,695,244,1,0,2,0,2,4,13,0,1,3,2,0,0,0,0,0,0,281,714
"LAI_Summer.csv",184,36,206,0,0,2,0,0,0,0,0,0,134,667,244,3,0,0,0,0,0,11,0,4,0,6,0,0,0,0,0,0,279,724
"Latitude.csv",204,12,106,0,0,0,0,0,6,0,0,0,124,743,158,3,0,0,0,2,0,16,0,1,1,4,0,0,1,0,0,0,231,888
"Longitude.csv",145,34,150,2,2,0,0,0,2,0,0,0,56,861,172,3,0,0,0,1,2,28,0,1,0,3,0,0,0,0,0,2,212,824
"LTemp_day_spring.csv",174,18,109,0,0,0,0,0,0,0,0,0,118,829,136,0,0,0,2,2,8,14,0,2,0,8,0,0,0,0,0,1,243,836
"LTemp_day_summer.csv",167,29,139,0,0,0,0,0,0,0,0,0,136,768,122,1,0,0,2,3,8,13,0,2,0,3,0,0,0,0,0,0,241,866
"Ltemp_night_spring.csv",197,21,91,0,0,0,0,0,2,0,1,0,179,682,203,2,0,2,0,0,7,8,0,5,0,1,0,0,1,0,0,0,234,864
"Ltemp_night_summer.csv",216,17,135,0,0,2,0,0,4,0,0,0,101,757,204,4,0,1,0,0,5,13,0,5,0,2,0,0,0,0,0,0,268,766
"MERRAclimmax_00s_bio1.csv",230,24,116,2,0,0,0,0,2,0,1,0,112,768,206,0,0,2,0,0,4,5,0,4,0,1,0,0,0,0,0,0,259,764
"MERRAclimmax_00s_bio10.csv",220,26,142,2,0,0,0,0,0,0,0,0,136,683,182,1,0,0,0,0,4,9,0,5,0,5,0,0,0,0,0,0,247,838
"MERRAclimmax_00s_bio11.csv",240,25,116,0,0,0,0,0,4,0,0,0,152,667,208,1,0,2,0,0,7,5,0,4,0,1,0,0,0,0,0,0,252,816
"MERRAclimmax_00s_bio12.csv",175,30,136,0,0,0,0,0,2,0,1,0,151,759,199,2,0,3,0,1,7,8,0,4,0,1,0,0,0,0,0,0,215,806
"MERRAclimmax_00s_bio13.csv",182,29,153,0,4,0,4,0,2,0,0,0,123,821,194,4,0,3,0,3,9,9,0,11,0,4,0,0,0,0,0,0,191,754
"MERRAclimmax_00s_bio14.csv",174,27,176,0,0,0,4,0,4,0,0,1,59,788,120,3,0,2,0,2,8,29,0,7,0,1,0,0,1,0,0,0,333,761
"MERRAclimmax_00s_bio15.csv",175,20,170,0,0,0,2,0,2,0,0,1,56,823,116,3,0,0,0,2,10,34,0,5,1,1,0,0,1,0,0,0,301,777
"MERRAclimmax_00s_bio16.csv",183,27,183,0,4,2,4,0,2,0,1,0,103,803,193,3,0,3,0,3,5,8,0,6,0,2,0,0,0,0,0,1,195,769
"MERRAclimmax_00s_bio17.csv",170,28,179,0,0,0,2,0,2,0,0,1,49,796,147,3,0,2,0,2,10,30,0,8,0,1,0,0,1,0,0,0,326,743
"MERRAclimmax_00s_bio18.csv",200,20,123,0,4,0,4,0,2,0,0,0,99,872,211,3,0,3,0,1,9,22,0,9,0,4,0,0,0,0,0,0,192,722
"MERRAclimmax_00s_bio19.csv",186,11,102,0,0,0,0,0,2,0,1,0,161,664,177,0,0,2,0,1,7,12,0,4,0,2,0,0,0,0,0,0,272,896
"MERRAclimmax_00s_bio2.csv",204,26,142,0,2,0,2,0,2,0,0,0,88,725,194,4,0,0,0,2,7,13,0,3,1,2,0,0,2,0,0,0,222,859
"MERRAclimmax_00s_bio3.csv",187,16,126,0,0,0,0,0,2,0,0,0,122,771,218,5,0,0,0,2,0,22,0,5,0,6,0,0,0,0,0,0,284,734
"MERRAclimmax_00s_bio4.csv",170,29,173,0,0,0,2,0,2,0,0,1,91,769,151,4,0,0,0,2,5,29,0,5,1,2,0,0,1,0,0,0,298,765
"MERRAclimmax_00s_bio5.csv",192,18,121,0,0,0,2,0,0,0,0,0,48,731,201,5,0,1,0,2,3,19,1,3,1,2,0,0,2,0,0,2,170,976
"MERRAclimmax_00s_bio6.csv",224,25,127,0,0,0,0,0,0,0,0,0,122,658,246,3,0,0,0,0,5,4,0,2,0,1,0,0,1,0,0,0,235,847
"MERRAclimmax_00s_bio7.csv",162,28,188,0,0,0,2,0,2,0,0,1,63,838,149,3,0,0,0,2,7,31,0,6,2,1,0,0,2,0,0,0,290,723
"MERRAclimmax_00s_bio8.csv",219,25,123,0,0,0,0,0,2,0,0,0,113,701,197,6,0,0,0,0,2,10,0,8,0,2,0,0,0,0,0,0,266,826
"MERRAclimmax_00s_bio9.csv",221,18,101,0,0,0,0,0,2,0,1,0,222,615,208,1,0,2,0,0,7,5,0,4,0,1,0,0,0,0,0,0,246,846
"MERRAclimmax_80s_bio1.csv",218,16,106,0,0,0,0,0,2,0,0,0,103,837,206,0,0,2,0,0,6,5,0,4,0,1,0,0,0,0,0,0,252,742
"MERRAclimmax_80s_bio10.csv",218,23,124,0,0,0,0,0,0,0,0,0,108,737,191,1,0,0,0,0,3,10,0,8,0,4,0,0,0,0,0,0,212,861
"MERRAclimmax_80s_bio11.csv",252,24,107,0,0,0,0,0,2,0,0,0,145,682,215,1,0,2,0,0,7,7,0,4,0,2,0,0,0,0,0,0,248,802
"MERRAclimmax_80s_bio12.csv",192,29,135,0,0,0,0,0,2,0,1,0,156,704,202,2,0,2,0,0,5,8,0,4,0,1,0,0,0,0,0,0,240,817
"MERRAclimmax_80s_bio13.csv",212,18,133,0,4,0,4,0,2,0,1,0,117,819,198,1,0,3,0,3,8,10,0,10,0,3,0,0,0,0,0,2,191,761
"MERRAclimmax_80s_bio14.csv",161,27,178,0,0,0,4,0,4,0,0,1,64,774,132,3,0,2,0,2,8,29,0,8,0,2,0,0,1,0,0,0,363,737
"MERRAclimmax_80s_bio15.csv",172,20,170,0,0,0,2,0,2,0,0,1,61,838,124,3,0,0,0,2,10,33,0,5,1,1,0,0,1,0,0,0,302,752
"MERRAclimmax_80s_bio16.csv",182,28,162,0,4,2,4,0,2,0,1,0,127,823,181,2,0,3,0,3,5,7,0,7,0,2,0,0,0,0,0,2,181,772
"MERRAclimmax_80s_bio17.csv",161,29,182,0,0,0,2,0,2,0,0,1,51,785,138,3,0,2,0,2,11,30,0,8,0,1,0,0,1,0,0,0,350,741
"MERRAclimmax_80s_bio18.csv",191,24,118,0,14,0,4,0,4,0,0,0,58,947,168,1,0,1,0,1,11,16,0,6,0,3,0,0,0,0,0,0,190,743
"MERRAclimmax_80s_bio19.csv",162,28,173,0,0,0,0,0,2,0,1,1,65,775,153,1,0,2,0,0,8,25,0,8,0,1,0,0,0,0,0,0,334,761
"MERRAclimmax_80s_bio2.csv",181,25,139,0,2,0,2,0,2,0,0,1,89,758,196,2,0,0,0,0,4,14,0,3,1,2,0,0,2,0,0,0,231,846
"MERRAclimmax_80s_bio3.csv",180,16,125,0,0,0,0,0,4,0,0,0,101,826,208,4,0,2,0,0,0,32,0,7,0,4,0,0,0,0,0,0,286,705
"MERRAclimmax_80s_bio4.csv",177,27,173,0,0,0,2,0,2,0,0,1,96,767,145,3,0,0,0,2,8,30,0,5,1,2,0,0,1,0,0,0,304,754
"MERRAclimmax_80s_bio5.csv",207,14,102,0,0,0,2,0,0,0,0,0,64,751,192,4,0,1,0,2,5,21,1,4,1,2,0,0,1,0,0,2,154,970
"MERRAclimmax_80s_bio6.csv",235,28,118,0,0,0,0,0,0,0,0,0,110,678,232,3,0,0,0,0,5,3,0,2,0,2,0,0,1,0,0,0,242,841
"MERRAclimmax_80s_bio7.csv",173,27,181,0,0,0,2,0,2,0,0,1,59,813,151,3,0,0,0,2,7,31,0,6,2,1,0,0,2,0,0,0,307,730
"MERRAclimmax_80s_bio8.csv",221,24,116,0,0,2,0,0,2,0,0,0,75,722,208,6,0,0,0,2,2,9,0,7,0,1,0,0,0,0,0,0,248,855
"MERRAclimmax_80s_bio9.csv",225,20,126,0,0,0,0,0,2,0,0,0,206,627,216,0,0,2,0,0,7,4,0,4,0,1,0,0,0,0,0,0,252,808
"MERRAclimmax_90s_bio1.csv",237,19,113,0,0,0,0,0,2,0,0,0,102,797,182,1,0,2,0,0,7,9,0,5,0,1,0,0,0,0,0,0,247,776
"MERRAclimmax_90s_bio10.csv",213,27,136,0,0,0,0,0,0,0,0,0,135,689,186,1,0,0,0,0,5,11,0,7,0,5,0,0,0,0,0,0,230,855
"MERRAclimmax_90s_bio11.csv",247,25,111,0,0,0,0,0,2,0,0,0,139,662,198,1,0,2,0,0,5,9,0,4,0,2,0,0,0,0,0,0,262,831
"MERRAclimmax_90s_bio12.csv",185,23,125,0,0,0,0,0,2,0,1,0,142,744,203,2,0,2,0,0,5,8,0,3,0,1,0,0,0,0,0,0,238,816
"MERRAclimmax_90s_bio13.csv",218,30,166,0,4,0,4,0,2,0,0,0,146,777,203,4,0,3,0,3,7,11,0,8,0,2,0,0,0,0,0,1,187,724
"MERRAclimmax_90s_bio14.csv",162,28,180,0,0,0,4,0,4,0,0,1,66,758,120,3,0,2,0,2,9,29,0,8,0,2,0,0,1,0,0,0,369,752
"MERRAclimmax_90s_bio15.csv",167,20,168,0,0,0,2,0,2,0,0,1,64,818,124,3,0,0,0,2,7,29,0,5,1,1,0,0,1,0,0,0,310,775
"MERRAclimmax_90s_bio16.csv",204,27,171,0,4,0,4,0,2,0,0,0,111,774,187,2,0,3,0,3,5,8,0,6,0,2,0,0,0,0,0,2,197,788
"MERRAclimmax_90s_bio17.csv",154,29,178,0,0,0,4,0,2,0,0,1,51,778,133,3,0,2,0,2,11,29,0,8,0,1,0,0,1,0,0,0,345,768
"MERRAclimmax_90s_bio18.csv",206,26,123,0,4,0,4,0,2,0,0,0,98,924,186,2,0,1,0,2,9,23,0,9,1,1,0,0,0,0,0,0,192,687
"MERRAclimmax_90s_bio19.csv",156,29,175,0,0,0,0,0,2,0,1,1,57,795,145,3,0,2,0,3,10,25,0,8,0,2,0,0,0,0,0,0,333,753
"MERRAclimmax_90s_bio2.csv",186,22,119,0,2,0,2,0,0,0,0,0,91,751,216,2,0,0,0,0,4,12,0,2,1,2,0,0,2,0,0,0,211,875
"MERRAclimmax_90s_bio3.csv",150,7,106,0,0,0,0,0,0,0,0,0,191,867,196,7,0,0,0,2,2,29,0,5,0,5,0,0,1,0,0,0,235,697
"MERRAclimmax_90s_bio4.csv",184,31,180,0,0,0,2,0,2,0,0,1,60,759,150,3,0,0,0,2,8,30,0,5,1,2,0,0,1,0,0,0,308,771
"MERRAclimmax_90s_bio5.csv",200,17,106,0,0,0,2,0,2,0,0,0,54,726,197,4,0,1,0,2,4,18,1,4,1,2,0,0,0,0,0,2,160,997
"MERRAclimmax_90s_bio6.csv",249,27,137,0,0,0,3,0,0,0,0,0,78,648,220,1,0,0,0,0,7,7,0,2,0,2,0,0,2,0,0,0,268,849
"MERRAclimmax_90s_bio7.csv",173,25,175,0,0,0,2,0,2,0,0,1,60,855,142,3,0,0,0,2,7,31,0,6,2,1,0,0,2,0,0,0,294,717
"MERRAclimmax_90s_bio8.csv",218,20,109,0,0,2,0,0,2,0,0,0,87,728,207,6,0,0,0,2,2,9,0,7,0,1,0,0,0,0,0,0,250,850
"MERRAclimmax_90s_bio9.csv",228,19,127,0,0,0,0,0,2,0,1,0,206,607,204,0,0,2,0,0,11,5,0,4,0,2,0,0,0,0,0,0,252,830
"MERRAclimmean_00s_bio1.csv",230,24,116,2,0,0,0,0,2,0,1,0,112,768,206,0,0,2,0,0,4,5,0,4,0,1,0,0,0,0,0,0,259,764
"MERRAclimmean_00s_bio10.csv",220,26,142,2,0,0,0,0,0,0,0,0,136,683,182,1,0,0,0,0,4,9,0,5,0,5,0,0,0,0,0,0,247,838
"MERRAclimmean_00s_bio11.csv",240,25,116,0,0,0,0,0,4,0,0,0,152,667,208,1,0,2,0,0,7,5,0,4,0,1,0,0,0,0,0,0,252,816
"MERRAclimmean_00s_bio12.csv",174,23,173,0,0,0,0,0,2,0,0,1,65,745,188,1,0,2,0,1,10,22,0,8,0,2,0,0,1,0,0,0,314,768
"MERRAclimmean_00s_bio13.csv",187,27,174,0,0,2,0,0,2,0,1,0,112,818,174,2,0,3,0,1,6,7,0,5,0,2,0,0,0,0,0,1,174,802
"MERRAclimmean_00s_bio14.csv",173,24,175,0,0,0,4,0,2,0,0,1,49,815,123,3,0,0,0,2,7,27,0,6,1,1,0,0,2,0,0,0,324,761
"MERRAclimmean_00s_bio15.csv",164,27,199,0,0,0,2,0,2,0,0,1,52,869,119,3,0,0,0,2,14,35,0,5,1,0,0,0,1,0,0,0,296,708
"MERRAclimmean_00s_bio16.csv",189,30,181,0,0,0,0,0,2,0,1,0,124,784,181,3,0,3,0,1,6,7,0,5,0,3,0,0,0,0,0,0,172,808
"MERRAclimmean_00s_bio17.csv",173,27,177,0,0,0,4,0,2,0,0,1,52,810,125,3,0,0,0,2,8,28,0,6,0,1,0,0,2,0,0,0,324,755
"MERRAclimmean_00s_bio18.csv",161,20,98,0,2,0,0,0,0,0,0,1,179,889,139,2,0,2,0,1,9,23,0,7,1,0,0,0,1,0,0,0,231,734
"MERRAclimmean_00s_bio19.csv",185,26,170,0,0,0,2,0,2,0,0,1,73,757,123,3,0,0,0,2,8,28,0,6,0,2,0,0,1,0,0,0,329,782
"MERRAclimmean_00s_bio2.csv",204,26,142,0,2,0,2,0,2,0,0,0,88,725,194,4,0,0,0,2,7,13,0,3,1,2,0,0,2,0,0,0,222,859
"MERRAclimmean_00s_bio3.csv",187,16,126,0,0,0,0,0,2,0,0,0,122,771,218,5,0,0,0,2,0,22,0,5,0,6,0,0,0,0,0,0,284,734
"MERRAclimmean_00s_bio4.csv",170,29,173,0,0,0,2,0,2,0,0,1,91,769,151,4,0,0,0,2,5,29,0,5,1,2,0,0,1,0,0,0,298,765
"MERRAclimmean_00s_bio5.csv",192,18,121,0,0,0,2,0,0,0,0,0,48,731,201,5,0,1,0,2,3,19,1,3,1,2,0,0,2,0,0,2,170,976
"MERRAclimmean_00s_bio6.csv",224,25,127,0,0,0,0,0,0,0,0,0,122,658,246,3,0,0,0,0,5,4,0,2,0,1,0,0,1,0,0,0,235,847
"MERRAclimmean_00s_bio7.csv",162,28,188,0,0,0,2,0,2,0,0,1,63,838,149,3,0,0,0,2,7,31,0,6,2,1,0,0,2,0,0,0,290,723
"MERRAclimmean_00s_bio8.csv",220,24,115,0,0,0,0,0,4,0,0,0,95,720,205,5,0,0,0,0,2,14,0,7,0,2,0,0,0,0,0,0,267,820
"MERRAclimmean_00s_bio9.csv",215,17,110,0,0,0,0,0,2,0,1,0,218,654,212,1,0,2,0,0,9,5,0,4,0,2,0,0,0,0,0,0,226,822
"MERRAclimmean_80s_bio1.csv",218,16,106,0,0,0,0,0,2,0,0,0,103,837,206,0,0,2,0,0,6,5,0,4,0,1,0,0,0,0,0,0,252,742
"MERRAclimmean_80s_bio10.csv",218,23,124,0,0,0,0,0,0,0,0,0,108,737,191,1,0,0,0,0,3,10,0,8,0,4,0,0,0,0,0,0,212,861
"MERRAclimmean_80s_bio11.csv",252,24,107,0,0,0,0,0,2,0,0,0,145,682,215,1,0,2,0,0,7,7,0,4,0,2,0,0,0,0,0,0,248,802
"MERRAclimmean_80s_bio12.csv",177,33,198,0,0,0,0,0,2,0,0,1,65,730,155,1,0,2,0,0,9,23,0,8,0,1,0,0,1,0,0,0,348,746
"MERRAclimmean_80s_bio13.csv",173,26,162,0,0,2,0,0,2,0,1,0,126,816,187,2,0,3,0,5,2,15,0,5,0,3,0,0,0,0,0,1,169,800
"MERRAclimmean_80s_bio14.csv",165,28,188,0,0,0,2,0,2,0,0,1,55,817,139,3,0,0,0,2,8,28,0,6,1,2,0,0,2,0,0,0,327,724
"MERRAclimmean_80s_bio15.csv",148,24,173,0,0,0,0,0,2,0,0,1,52,882,133,3,0,0,0,2,10,34,0,5,1,0,0,0,1,0,0,0,302,727
"MERRAclimmean_80s_bio16.csv",176,32,157,0,0,0,0,0,2,0,1,0,136,741,192,2,0,3,0,3,2,10,0,4,0,3,0,0,0,0,0,1,189,846
"MERRAclimmean_80s_bio17.csv",169,27,182,0,0,0,4,0,2,0,0,1,54,808,141,3,0,0,0,2,8,28,0,6,1,1,0,0,2,0,0,0,331,730
"MERRAclimmean_80s_bio18.csv",197,24,154,0,2,0,0,0,4,0,0,1,70,832,156,2,0,2,0,2,13,24,0,9,1,1,0,0,0,0,0,0,247,759
"MERRAclimmean_80s_bio19.csv",164,31,179,0,0,0,4,0,2,0,0,1,70,760,136,3,0,0,0,2,8,26,0,6,0,2,0,0,2,0,0,0,326,778
"MERRAclimmean_80s_bio2.csv",181,25,139,0,2,0,2,0,2,0,0,1,89,758,196,2,0,0,0,0,4,14,0,3,1,2,0,0,2,0,0,0,231,846
"MERRAclimmean_80s_bio3.csv",180,16,125,0,0,0,0,0,4,0,0,0,101,826,208,4,0,2,0,0,0,32,0,7,0,4,0,0,0,0,0,0,286,705
"MERRAclimmean_80s_bio4.csv",177,27,173,0,0,0,2,0,2,0,0,1,96,767,145,3,0,0,0,2,8,30,0,5,1,2,0,0,1,0,0,0,304,754
"MERRAclimmean_80s_bio5.csv",207,14,102,0,0,0,2,0,0,0,0,0,64,751,192,4,0,1,0,2,5,21,1,4,1,2,0,0,1,0,0,2,154,970
"MERRAclimmean_80s_bio6.csv",235,28,118,0,0,0,0,0,0,0,0,0,110,678,232,3,0,0,0,0,5,3,0,2,0,2,0,0,1,0,0,0,242,841
"MERRAclimmean_80s_bio7.csv",173,27,181,0,0,0,2,0,2,0,0,1,59,813,151,3,0,0,0,2,7,31,0,6,2,1,0,0,2,0,0,0,307,730
"MERRAclimmean_80s_bio8.csv",221,22,116,0,0,2,0,0,2,0,0,0,78,737,207,6,0,0,0,2,2,11,0,7,0,1,0,0,0,0,0,0,264,822
"MERRAclimmean_80s_bio9.csv",222,21,128,0,0,0,0,0,2,0,0,0,196,650,227,0,0,2,0,0,9,4,0,3,0,2,0,0,0,0,0,0,247,787
"MERRAclimmean_90s_bio1.csv",237,19,113,0,0,0,0,0,2,0,0,0,102,797,182,1,0,2,0,0,7,9,0,5,0,1,0,0,0,0,0,0,247,776
"MERRAclimmean_90s_bio10.csv",213,27,136,0,0,0,0,0,0,0,0,0,135,689,186,1,0,0,0,0,5,11,0,7,0,5,0,0,0,0,0,0,230,855
"MERRAclimmean_90s_bio11.csv",247,25,111,0,0,0,0,0,2,0,0,0,139,662,198,1,0,2,0,0,5,9,0,4,0,2,0,0,0,0,0,0,262,831
"MERRAclimmean_90s_bio12.csv",175,34,201,0,0,0,0,0,2,0,0,1,66,729,160,1,0,2,0,0,9,23,0,8,0,2,0,0,1,0,0,0,343,743
"MERRAclimmean_90s_bio13.csv",186,32,177,0,0,2,0,0,2,0,1,0,130,782,184,2,0,3,0,3,4,10,0,5,0,3,0,0,0,0,0,1,193,780
"MERRAclimmean_90s_bio14.csv",168,26,182,0,0,0,4,0,2,0,0,1,55,829,128,3,0,0,0,2,10,29,0,6,1,1,0,0,2,0,0,0,321,730
"MERRAclimmean_90s_bio15.csv",166,20,167,0,0,0,0,0,2,0,0,1,51,882,124,3,0,0,0,2,12,35,0,5,1,0,0,0,1,0,0,0,302,726
"MERRAclimmean_90s_bio16.csv",188,35,180,0,0,0,0,0,2,0,1,0,129,757,192,2,0,3,0,3,0,5,0,4,0,3,0,0,0,0,0,1,197,798
"MERRAclimmean_90s_bio17.csv",174,27,184,0,0,0,4,0,2,0,0,1,51,817,127,3,0,0,0,2,10,28,0,6,1,1,0,0,2,0,0,0,325,735
"MERRAclimmean_90s_bio18.csv",195,15,124,0,2,0,0,0,2,0,0,1,140,849,155,1,0,2,0,1,10,14,0,7,1,0,0,0,0,0,0,0,211,770
"MERRAclimmean_90s_bio19.csv",172,26,171,0,0,0,4,0,2,0,0,1,73,785,135,3,0,0,0,2,8,28,0,6,0,2,0,0,1,0,0,0,334,747
"MERRAclimmean_90s_bio2.csv",186,22,119,0,2,0,2,0,0,0,0,0,91,751,216,2,0,0,0,0,4,12,0,2,1,2,0,0,2,0,0,0,211,875
"MERRAclimmean_90s_bio3.csv",150,7,106,0,0,0,0,0,0,0,0,0,191,867,196,7,0,0,0,2,2,29,0,5,0,5,0,0,1,0,0,0,235,697
"MERRAclimmean_90s_bio4.csv",184,31,180,0,0,0,2,0,2,0,0,1,60,759,150,3,0,0,0,2,8,30,0,5,1,2,0,0,1,0,0,0,308,771
"MERRAclimmean_90s_bio5.csv",200,17,106,0,0,0,2,0,2,0,0,0,54,726,197,4,0,1,0,2,4,18,1,4,1,2,0,0,0,0,0,2,160,997
"MERRAclimmean_90s_bio6.csv",249,27,137,0,0,0,3,0,0,0,0,0,78,648,220,1,0,0,0,0,7,7,0,2,0,2,0,0,2,0,0,0,268,849
"MERRAclimmean_90s_bio7.csv",173,25,175,0,0,0,2,0,2,0,0,1,60,855,142,3,0,0,0,2,7,31,0,6,2,1,0,0,2,0,0,0,294,717
"MERRAclimmean_90s_bio8.csv",221,22,121,0,0,2,0,0,2,0,0,0,81,730,206,6,0,0,0,2,2,11,0,7,0,1,0,0,0,0,0,0,260,826
"MERRAclimmean_90s_bio9.csv",228,22,124,0,0,0,0,0,2,0,0,0,200,644,214,0,0,2,0,0,11,4,0,4,0,2,0,0,0,0,0,0,249,794
"MERRAclimmin_00s_bio1.csv",230,24,116,2,0,0,0,0,2,0,1,0,112,768,206,0,0,2,0,0,4,5,0,4,0,1,0,0,0,0,0,0,259,764
"MERRAclimmin_00s_bio10.csv",220,26,142,2,0,0,0,0,0,0,0,0,136,683,182,1,0,0,0,0,4,9,0,5,0,5,0,0,0,0,0,0,247,838
"MERRAclimmin_00s_bio11.csv",240,25,116,0,0,0,0,0,4,0,0,0,152,667,208,1,0,2,0,0,7,5,0,4,0,1,0,0,0,0,0,0,252,816
"MERRAclimmin_00s_bio12.csv",160,27,181,0,0,0,4,0,2,0,0,1,66,801,148,3,0,0,0,2,7,28,0,6,0,2,0,0,2,0,0,0,320,740
"MERRAclimmin_00s_bio13.csv",170,27,131,0,0,2,0,0,2,0,1,0,146,761,207,2,0,2,0,1,4,8,0,5,0,3,0,0,0,0,0,0,171,857
"MERRAclimmin_00s_bio14.csv",166,29,207,0,0,0,0,0,2,0,0,1,65,832,135,3,0,0,0,2,9,31,0,6,1,0,0,0,1,0,0,0,302,708
"MERRAclimmin_00s_bio15.csv",162,29,218,0,0,0,0,0,0,0,0,1,38,850,139,3,0,0,0,2,11,33,0,5,1,3,0,0,1,0,0,0,305,699
"MERRAclimmin_00s_bio16.csv",166,23,112,0,0,0,0,0,2,0,1,0,147,792,214,0,0,2,0,1,4,4,0,4,0,2,0,0,0,0,0,0,174,852
"MERRAclimmin_00s_bio17.csv",167,29,207,0,0,0,0,0,2,0,0,1,61,830,129,3,0,0,0,2,9,30,0,6,1,0,0,0,1,0,0,0,306,716
"MERRAclimmin_00s_bio18.csv",173,21,164,0,0,0,2,0,0,0,0,1,57,838,123,4,0,0,0,3,9,32,0,8,1,0,0,0,1,0,0,0,292,771
"MERRAclimmin_00s_bio19.csv",170,25,181,0,0,0,2,0,2,0,0,1,58,840,135,3,0,0,0,2,10,28,0,6,1,2,0,0,1,0,0,0,315,718
"MERRAclimmin_00s_bio2.csv",204,26,142,0,2,0,2,0,2,0,0,0,88,725,194,4,0,0,0,2,7,13,0,3,1,2,0,0,2,0,0,0,222,859
"MERRAclimmin_00s_bio3.csv",187,16,126,0,0,0,0,0,2,0,0,0,122,771,218,5,0,0,0,2,0,22,0,5,0,6,0,0,0,0,0,0,284,734
"MERRAclimmin_00s_bio4.csv",170,29,173,0,0,0,2,0,2,0,0,1,91,769,151,4,0,0,0,2,5,29,0,5,1,2,0,0,1,0,0,0,298,765
"MERRAclimmin_00s_bio5.csv",192,18,121,0,0,0,2,0,0,0,0,0,48,731,201,5,0,1,0,2,3,19,1,3,1,2,0,0,2,0,0,2,170,976
"MERRAclimmin_00s_bio6.csv",224,25,127,0,0,0,0,0,0,0,0,0,122,658,246,3,0,0,0,0,5,4,0,2,0,1,0,0,1,0,0,0,235,847
"MERRAclimmin_00s_bio7.csv",162,28,188,0,0,0,2,0,2,0,0,1,63,838,149,3,0,0,0,2,7,31,0,6,2,1,0,0,2,0,0,0,290,723
"MERRAclimmin_00s_bio8.csv",221,24,116,0,0,0,0,0,4,0,0,0,86,723,210,5,0,0,0,2,2,13,0,7,0,2,0,0,0,0,0,0,266,819
"MERRAclimmin_00s_bio9.csv",230,25,133,0,0,0,0,0,2,0,0,0,187,654,225,0,0,2,0,0,9,3,0,3,0,2,0,0,0,0,0,0,240,785
"MERRAclimmin_80s_bio1.csv",218,16,106,0,0,0,0,0,2,0,0,0,103,837,206,0,0,2,0,0,6,5,0,4,0,1,0,0,0,0,0,0,252,742
"MERRAclimmin_80s_bio10.csv",218,23,124,0,0,0,0,0,0,0,0,0,108,737,191,1,0,0,0,0,3,10,0,8,0,4,0,0,0,0,0,0,212,861
"MERRAclimmin_80s_bio11.csv",252,24,107,0,0,0,0,0,2,0,0,0,145,682,215,1,0,2,0,0,7,7,0,4,0,2,0,0,0,0,0,0,248,802
"MERRAclimmin_80s_bio12.csv",162,29,179,0,0,0,2,0,2,0,0,1,57,806,143,3,0,0,0,2,8,30,0,6,1,2,0,0,2,0,0,0,324,741
"MERRAclimmin_80s_bio13.csv",195,30,153,0,0,2,0,0,2,0,1,0,146,718,197,2,0,2,0,1,2,11,0,5,0,3,0,0,0,0,0,0,187,843
"MERRAclimmin_80s_bio14.csv",177,24,194,0,0,0,0,0,2,0,0,1,55,824,154,3,0,0,0,2,12,32,0,6,1,0,0,0,1,0,0,1,301,710
"MERRAclimmin_80s_bio15.csv",168,26,183,0,0,0,0,0,0,0,0,1,52,832,147,3,0,0,0,2,10,36,0,6,1,2,0,0,1,0,0,2,310,718
"MERRAclimmin_80s_bio16.csv",179,32,142,0,0,0,0,0,4,0,1,0,148,719,190,2,0,2,0,1,2,6,0,5,0,2,0,0,0,0,0,0,233,832
"MERRAclimmin_80s_bio17.csv",172,24,196,0,0,0,0,0,2,0,0,1,54,841,147,3,0,0,0,2,12,32,0,6,1,0,0,0,1,0,0,0,304,702
"MERRAclimmin_80s_bio18.csv",180,25,188,0,0,0,0,0,0,0,0,1,53,799,117,4,0,0,0,3,10,32,0,6,1,0,0,0,1,0,0,0,299,781
"MERRAclimmin_80s_bio19.csv",174,28,186,0,0,0,2,0,2,0,0,1,53,833,123,3,0,0,0,2,7,29,0,6,1,2,0,0,2,0,0,0,320,726
"MERRAclimmin_80s_bio2.csv",181,25,139,0,2,0,2,0,2,0,0,1,89,758,196,2,0,0,0,0,4,14,0,3,1,2,0,0,2,0,0,0,231,846
"MERRAclimmin_80s_bio3.csv",180,16,125,0,0,0,0,0,4,0,0,0,101,826,208,4,0,2,0,0,0,32,0,7,0,4,0,0,0,0,0,0,286,705
"MERRAclimmin_80s_bio4.csv",177,27,173,0,0,0,2,0,2,0,0,1,96,767,145,3,0,0,0,2,8,30,0,5,1,2,0,0,1,0,0,0,304,754
"MERRAclimmin_80s_bio5.csv",207,14,102,0,0,0,2,0,0,0,0,0,64,751,192,4,0,1,0,2,5,21,1,4,1,2,0,0,1,0,0,2,154,970
"MERRAclimmin_80s_bio6.csv",235,28,118,0,0,0,0,0,0,0,0,0,110,678,232,3,0,0,0,0,5,3,0,2,0,2,0,0,1,0,0,0,242,841
"MERRAclimmin_80s_bio7.csv",173,27,181,0,0,0,2,0,2,0,0,1,59,813,151,3,0,0,0,2,7,31,0,6,2,1,0,0,2,0,0,0,307,730
"MERRAclimmin_80s_bio8.csv",224,24,112,0,0,2,0,0,2,0,0,0,82,735,205,6,0,0,0,2,2,11,0,7,0,2,0,0,0,0,0,0,256,828
"MERRAclimmin_80s_bio9.csv",218,30,111,0,0,0,0,0,4,0,0,0,142,778,230,2,0,0,0,0,3,4,0,1,0,1,0,0,0,0,0,0,236,740
"MERRAclimmin_90s_bio1.csv",237,19,113,0,0,0,0,0,2,0,0,0,102,797,182,1,0,2,0,0,7,9,0,5,0,1,0,0,0,0,0,0,247,776
"MERRAclimmin_90s_bio10.csv",213,27,136,0,0,0,0,0,0,0,0,0,135,689,186,1,0,0,0,0,5,11,0,7,0,5,0,0,0,0,0,0,230,855
"MERRAclimmin_90s_bio11.csv",247,25,111,0,0,0,0,0,2,0,0,0,139,662,198,1,0,2,0,0,5,9,0,4,0,2,0,0,0,0,0,0,262,831
"MERRAclimmin_90s_bio12.csv",163,29,182,0,0,0,2,0,2,0,0,1,60,815,149,3,0,0,0,2,8,29,0,6,1,2,0,0,2,0,0,0,320,724
"MERRAclimmin_90s_bio13.csv",160,26,161,0,0,2,0,0,2,0,1,0,145,747,195,2,0,2,0,3,2,15,0,5,0,3,0,0,0,0,0,0,194,835
"MERRAclimmin_90s_bio14.csv",172,26,209,0,0,0,0,0,2,0,0,1,56,813,154,3,0,0,0,2,9,29,0,6,1,0,0,0,1,0,0,0,304,712
"MERRAclimmin_90s_bio15.csv",159,26,181,0,0,0,0,0,0,0,0,1,50,842,138,3,0,0,0,2,10,36,0,6,1,4,0,0,1,0,0,1,307,732
"MERRAclimmin_90s_bio16.csv",188,29,138,0,0,0,0,0,2,0,0,0,152,735,192,2,0,2,0,1,2,7,0,2,0,2,0,0,0,0,0,0,220,826
"MERRAclimmin_90s_bio17.csv",169,26,206,0,0,0,0,0,2,0,0,1,57,825,140,3,0,0,0,2,9,29,0,6,1,0,0,0,1,0,0,0,305,718
"MERRAclimmin_90s_bio18.csv",170,23,185,0,0,0,0,0,0,0,0,1,51,812,123,3,0,0,0,3,10,32,0,8,1,0,0,0,1,0,0,0,295,782
"MERRAclimmin_90s_bio19.csv",156,25,187,0,0,0,4,0,2,0,0,1,54,861,126,3,0,0,0,2,7,28,0,6,1,2,0,0,2,0,0,0,320,713
"MERRAclimmin_90s_bio2.csv",186,22,119,0,2,0,2,0,0,0,0,0,91,751,216,2,0,0,0,0,4,12,0,2,1,2,0,0,2,0,0,0,211,875
"MERRAclimmin_90s_bio3.csv",150,7,106,0,0,0,0,0,0,0,0,0,191,867,196,7,0,0,0,2,2,29,0,5,0,5,0,0,1,0,0,0,235,697
"MERRAclimmin_90s_bio4.csv",184,31,180,0,0,0,2,0,2,0,0,1,60,759,150,3,0,0,0,2,8,30,0,5,1,2,0,0,1,0,0,0,308,771
"MERRAclimmin_90s_bio5.csv",200,17,106,0,0,0,2,0,2,0,0,0,54,726,197,4,0,1,0,2,4,18,1,4,1,2,0,0,0,0,0,2,160,997
"MERRAclimmin_90s_bio6.csv",249,27,137,0,0,0,3,0,0,0,0,0,78,648,220,1,0,0,0,0,7,7,0,2,0,2,0,0,2,0,0,0,268,849
"MERRAclimmin_90s_bio7.csv",173,25,175,0,0,0,2,0,2,0,0,1,60,855,142,3,0,0,0,2,7,31,0,6,2,1,0,0,2,0,0,0,294,717
"MERRAclimmin_90s_bio8.csv",225,22,121,0,0,2,0,0,2,0,0,0,78,732,205,6,0,0,0,2,2,12,0,7,0,1,0,0,0,0,0,0,263,820
"MERRAclimmin_90s_bio9.csv",246,27,130,0,0,0,0,0,2,0,0,0,182,675,213,0,0,0,0,0,9,5,0,3,0,2,0,0,0,0,0,0,240,766
"MOD16A2_Aridity_index.csv",350,42,192,0,0,0,0,0,2,0,0,0,63,677,189,0,0,0,0,0,4,9,0,0,0,2,0,0,0,0,0,1,261,708
"MOD16A2_Climatic_water_deficit.csv",143,21,141,0,8,0,0,0,2,0,0,0,111,857,133,0,0,0,2,3,5,17,0,2,0,6,0,0,0,0,0,0,244,805
"MOD16A2_ET.csv",161,11,120,0,0,0,0,0,0,0,0,0,82,799,252,2,0,0,0,0,0,16,0,3,0,3,0,0,1,0,1,0,271,778
"MOD16A2_LE.csv",154,16,146,0,0,0,2,0,0,0,0,0,72,826,245,2,0,0,0,0,0,12,0,2,0,2,0,0,0,0,1,0,251,769
"MOD16A2_Number_of_dry_months.csv",176,27,179,0,0,0,0,0,0,0,0,0,115,754,185,3,0,0,0,0,3,16,0,2,1,4,0,0,0,0,0,1,220,814
"MOD16A2_PET.csv",172,17,150,0,0,0,2,0,0,0,0,0,64,795,249,0,0,0,0,0,0,13,0,2,0,1,0,0,0,0,0,0,243,792
"NDVI_Spring.csv",210,21,158,4,2,2,0,0,0,0,0,0,60,843,139,2,0,0,0,0,2,12,0,1,0,2,0,0,0,0,0,0,214,828
"NDVI_Summer.csv",294,22,156,0,0,2,0,0,2,0,0,0,110,722,140,2,0,0,0,2,5,10,0,5,1,3,0,0,0,0,0,1,199,824
"Net_radiation_spring.csv",183,41,209,0,2,0,0,0,0,0,0,1,42,815,172,3,0,0,0,3,10,29,0,6,0,5,0,0,1,0,0,1,300,677
"Net_radiation_summer.csv",176,19,123,4,0,0,0,0,8,0,0,0,51,733,171,1,0,0,0,1,4,21,0,0,0,2,0,0,0,0,0,1,201,984
"Nitrogen_Balance_On_Landscape.csv",146,24,135,0,0,0,0,0,0,0,0,0,86,819,205,2,0,1,0,1,7,24,0,1,0,2,0,0,0,0,0,1,231,815
"NO2_Spring.csv",232,35,164,0,2,0,0,0,0,0,0,0,65,796,193,2,0,1,0,0,8,12,0,0,1,2,0,0,0,0,0,0,238,749
"NPP_Spring.csv",208,41,256,0,0,0,0,0,2,0,0,0,57,748,140,3,0,0,0,0,1,8,0,6,0,3,0,0,0,0,0,0,195,832
"NPP_summer.csv",229,49,273,0,6,0,2,0,2,0,0,1,72,675,187,1,0,0,0,0,3,9,0,1,0,6,0,0,0,0,0,0,211,773
"O3_Spring.csv",219,19,89,0,0,0,0,0,4,0,0,0,164,647,193,3,0,2,0,2,3,11,0,2,0,1,0,0,1,0,0,0,224,916
"O3_Summer.csv",186,23,127,0,0,2,0,0,0,0,0,0,105,751,206,2,0,0,0,0,3,10,0,2,2,4,0,1,1,0,0,1,245,829
"ORNL_aboveground_biomass.csv",153,29,167,0,0,0,0,0,4,0,0,0,54,773,143,0,0,0,0,4,7,17,0,3,0,8,0,0,0,0,0,0,236,902
"ORNL_belowground_biomass.csv",171,15,95,0,0,0,0,0,2,0,0,0,81,812,211,0,0,0,0,4,4,22,0,2,0,6,0,0,1,0,1,0,197,876
"PhosphorusBalanceOnLandscape.csv",120,25,127,0,0,0,0,0,0,0,0,0,69,1013,200,2,0,0,0,1,6,24,0,5,0,6,0,0,0,0,0,1,238,663
"Precipitable_water_spring.csv",189,28,195,0,2,0,2,0,0,0,0,3,49,820,144,3,0,0,0,2,7,33,0,6,0,2,0,0,0,0,0,0,347,668
"Precipitable_water_summer.csv",251,29,164,0,2,0,0,0,2,0,0,0,85,806,211,3,0,2,0,1,6,20,0,7,0,1,0,0,0,0,0,0,236,674
"SIB3_carbon_flux_spring.csv",162,19,98,0,0,0,0,0,0,0,0,0,97,803,198,0,0,1,0,0,2,17,0,3,0,4,0,2,0,0,0,0,217,877
"SIB3_carbon_flux_summer.csv",194,35,126,0,0,2,0,0,2,0,0,0,136,766,214,1,0,0,0,0,7,6,0,2,0,4,0,0,3,0,0,0,179,823
"SMN_Spring.csv",167,25,144,0,0,0,2,0,0,0,0,0,52,1150,119,4,0,1,0,1,3,13,0,5,2,3,0,0,0,0,0,0,153,656
"SMN_Summer.csv",174,27,149,0,2,2,0,0,2,0,0,0,105,895,183,3,0,2,0,0,6,15,0,0,3,5,0,0,0,0,0,0,223,704
"SMT_Spring.csv",144,28,142,0,0,0,0,0,0,0,0,0,112,875,127,0,0,0,0,3,4,8,0,1,0,6,0,0,1,0,0,1,220,828
"SMT_Summer.csv",161,31,137,0,0,4,0,0,2,0,0,0,148,849,218,2,0,2,0,0,4,12,0,0,1,2,0,0,0,0,0,0,211,716
"Soil_salinity_Ece.csv",218,24,143,0,2,0,0,0,0,0,0,0,129,753,230,0,0,0,0,0,1,17,0,4,0,11,0,0,1,0,0,0,244,723
"Soil_sodicity_ESP.csv",177,10,89,0,2,0,0,0,0,0,0,0,85,801,91,2,0,0,0,1,7,20,0,3,0,0,0,0,0,0,0,0,271,941
"SoilGirds_Absolute_depth_to_bedrock.csv",206,27,112,0,0,0,0,0,0,0,0,0,83,776,186,4,0,0,0,2,1,8,0,1,1,6,0,0,1,0,0,0,230,856
"SoilGrids_Acid_subsoil_grade.csv",243,22,87,0,0,2,0,0,4,0,0,1,150,824,182,0,0,1,0,0,2,23,0,6,0,2,0,0,1,0,0,0,210,740
"SoilGrids_Bulk_density.csv",214,22,144,0,0,0,0,0,0,0,0,0,84,770,154,1,0,1,0,0,5,20,1,3,0,4,0,0,0,0,0,2,230,845
"SoilGrids_Cation_exchange_capacity.csv",181,32,118,0,0,0,0,0,4,0,0,0,111,772,230,1,0,2,2,2,6,16,0,3,0,12,0,0,0,0,0,0,204,804
"SoilGrids_Clay_content.csv",212,17,108,0,0,0,0,0,0,0,0,0,131,755,219,0,0,1,0,0,3,19,0,6,2,3,0,0,1,0,1,0,264,758
"SoilGrids_Coarse_fragments_volumetric.csv",225,16,72,0,0,0,0,0,4,0,0,0,109,794,179,2,0,1,0,1,4,15,0,4,0,1,0,0,0,0,0,0,240,833
"SoilGrids_Depth_to_bedrock.csv",209,18,120,0,0,2,0,0,2,0,0,0,162,619,375,1,0,0,0,1,1,15,0,2,0,9,0,0,1,0,0,0,330,633
"SoilGrids_pH_in_H2O.csv",268,18,87,0,0,2,0,0,2,0,0,1,209,686,157,1,0,0,0,0,3,10,0,4,0,1,0,0,0,0,0,0,183,868
"SoilGrids_pH_in_KCl.csv",191,29,116,0,2,0,0,0,2,0,0,0,176,790,200,3,0,0,0,2,1,17,0,4,0,3,0,0,0,0,0,0,246,718
"SoilGrids_Plant_vailable_soil_water_capacity_h1.csv",153,18,119,0,0,0,0,0,2,0,0,0,111,753,157,0,0,0,2,6,4,6,0,1,0,8,0,0,1,0,0,0,220,939
"SoilGrids_Plant_vailable_soil_water_capacity_h2.csv",152,17,145,0,0,0,0,0,2,0,0,0,114,703,147,0,0,0,2,5,4,5,0,1,0,7,0,0,1,0,0,0,222,973
"SoilGrids_Plant_vailable_soil_water_capacity_h3.csv",173,14,118,0,0,0,0,0,0,0,0,0,112,746,170,0,0,0,2,6,4,4,0,1,0,8,0,0,1,0,0,0,234,907
"SoilGrids_Plant_vailable_soil_water_capacity_t5.csv",241,20,135,0,0,0,0,0,0,0,0,0,84,794,168,1,0,1,0,0,3,25,1,2,0,3,0,0,0,0,0,2,238,782
"SoilGrids_Probability_R_horizon.csv",237,34,167,0,0,0,2,0,2,0,0,0,203,600,191,3,0,0,0,1,8,15,0,2,0,2,0,0,0,0,0,0,308,725
"SoilGrids_Sand_content.csv",245,31,204,0,0,0,0,0,0,0,0,0,55,787,211,0,0,0,0,1,5,16,0,4,1,11,0,0,0,0,0,0,237,692
"SoilGrids_Silt_content.csv",199,7,108,0,0,0,0,0,2,0,0,0,156,675,194,2,0,0,2,3,11,20,0,4,0,3,0,0,0,0,0,0,287,827
"SoilGrids_Soil organic carbon density.csv",188,10,108,0,0,2,0,0,4,0,0,0,134,756,158,0,0,0,0,1,3,13,0,3,0,8,0,0,1,0,0,0,256,855
"SoilGrids_Soil_organic_carbon_content.csv",171,23,120,0,0,0,0,4,2,0,0,0,212,947,130,1,0,4,0,0,18,33,0,6,0,2,0,0,0,0,0,1,176,650
"SoilGrids_Soil_organic_carbon_density.csv",188,24,94,0,0,0,0,0,2,0,0,0,228,712,200,3,0,2,0,0,1,12,0,5,0,2,0,0,0,0,0,0,177,850
"SoilGrids_Soil_organic_carbon_stock.csv",212,25,116,0,0,0,0,4,2,0,0,0,163,859,189,1,0,0,0,2,6,30,0,4,0,5,0,0,0,0,0,1,200,681
"Solar_insolation_spring.csv",152,12,105,0,4,0,0,0,2,0,0,0,125,963,217,2,0,0,0,5,11,13,0,2,0,3,0,0,0,0,0,0,248,636
"Solar_insolation_summer.csv",255,20,129,0,0,0,0,0,0,0,0,0,95,609,227,1,0,1,0,0,7,17,0,3,1,6,0,0,0,0,0,1,231,897
"SRTM_Elevation.csv",181,15,106,0,0,0,0,0,4,0,1,0,94,783,192,1,0,3,0,0,8,11,0,7,0,1,0,0,0,0,0,0,240,853
"TCI_Spring.csv",208,29,145,2,0,0,0,0,2,0,0,0,86,801,179,1,0,2,0,0,5,24,0,0,0,6,0,0,0,0,0,1,286,723
"TCI_Summer.csv",231,21,129,2,0,0,0,0,2,0,0,0,77,839,181,2,0,0,0,2,2,15,0,0,0,4,0,0,0,2,0,0,208,783
"UV_index_spring.csv",175,17,88,0,0,2,0,0,2,0,0,0,211,694,203,3,0,0,0,2,5,6,1,3,0,3,0,0,1,0,0,0,190,894
"UV_index_Summer.csv",217,13,94,0,0,2,0,0,4,0,0,0,196,755,202,3,0,0,0,2,2,14,0,4,1,6,0,0,1,0,1,0,253,730
"VCI_Spring.csv",224,19,116,0,2,2,2,0,2,0,0,0,64,830,135,1,0,1,0,1,3,16,0,5,0,7,0,0,0,0,0,1,302,767
"VCI_Summer.csv",295,16,101,0,0,0,0,0,2,0,0,0,126,756,214,3,0,1,0,1,1,21,0,2,1,9,0,0,0,0,0,0,233,718
"VHI_Spring.csv",203,43,196,4,0,2,0,0,4,0,0,0,51,676,220,1,0,0,0,1,5,22,0,1,0,6,0,0,2,0,1,1,319,742
"VHI_Summer.csv",243,23,138,0,0,2,0,0,0,0,0,0,74,819,238,5,0,4,0,2,2,15,0,1,1,9,0,0,1,0,0,0,269,654
"Water_equivalent_anomaly_summer.csv",191,31,137,0,0,0,0,0,0,0,0,0,112,749,198,0,0,0,0,0,4,14,0,1,1,6,0,0,4,0,0,0,223,829
"WaterDepletionCat_WG3.csv",160,23,169,0,0,0,0,0,0,0,1,0,141,726,129,0,0,1,0,0,8,21,0,3,0,6,0,0,1,0,0,0,208,903
"WB_DIF.csv",219,31,116,2,0,0,0,0,0,0,0,0,74,855,165,1,0,0,0,1,15,5,0,1,0,1,0,0,1,0,0,0,162,851
"WB_DNI.csv",200,21,133,0,0,0,0,0,0,0,0,0,132,765,184,0,0,1,2,4,10,9,0,3,0,6,0,0,0,0,0,1,277,752
"WB_ELE.csv",173,18,114,0,0,0,0,0,4,0,1,0,90,783,172,1,0,3,0,0,6,11,0,6,0,1,0,0,0,0,0,0,241,876
"WB_GHI.csv",220,16,109,0,0,0,0,0,0,0,0,0,148,777,155,0,0,0,2,3,11,10,0,3,0,4,0,0,0,0,0,1,250,791
"WB_GTI.csv",206,31,147,0,4,0,6,0,0,0,0,0,140,752,190,1,0,1,2,3,10,7,0,3,0,3,0,0,0,0,0,1,307,686
"WB_OPTA.csv",171,26,202,0,0,0,2,0,0,0,0,1,34,849,127,3,0,0,0,2,11,28,0,5,1,0,0,0,1,0,0,0,315,722
"WB_PVOUT.csv",209,28,133,0,4,0,6,0,0,0,0,0,140,864,206,1,0,1,0,1,9,11,0,4,0,1,0,0,0,0,0,1,270,611
"WB_TEMP.csv",183,19,101,0,0,0,0,0,4,0,1,0,188,698,198,0,0,2,0,1,8,5,0,3,0,0,0,0,0,0,0,0,256,833
"WC2_Average_temperature_spring.csv",201,18,115,0,0,0,0,0,2,0,1,0,188,609,198,0,0,2,0,0,6,4,0,3,0,2,0,0,0,0,0,1,245,905
"WC2_Average_temperature_summer.csv",179,12,128,0,2,0,0,0,4,0,1,0,82,757,195,0,0,3,0,1,4,13,0,5,0,3,0,0,0,0,0,0,169,942
"WC2_BIO1.csv",199,21,92,0,0,0,0,0,2,0,1,0,196,663,201,1,0,2,0,0,5,5,0,3,0,0,0,0,0,0,0,0,252,857
"WC2_BIO10.csv",173,22,135,0,0,0,0,0,2,0,1,0,111,741,144,1,0,2,0,0,10,8,0,5,0,2,0,0,0,0,0,1,220,922
"WC2_BIO11.csv",221,20,101,0,0,0,0,0,2,0,1,0,155,635,235,1,0,2,0,0,8,6,1,4,0,3,0,0,0,0,0,0,249,856
"WC2_BIO12.csv",177,25,170,0,0,0,0,0,6,0,0,0,134,615,206,0,0,1,0,0,4,20,0,3,1,5,0,0,0,0,0,0,294,839
"WC2_BIO13.csv",157,20,131,0,0,0,0,0,0,0,0,0,196,870,212,3,0,2,0,1,1,25,1,2,0,6,0,0,2,0,0,0,234,637
"WC2_BIO14.csv",160,15,106,0,0,0,0,0,2,0,0,0,65,915,159,1,0,0,0,1,1,16,0,7,0,5,0,0,2,0,0,0,258,787
"WC2_BIO15.csv",172,20,112,0,0,0,2,0,2,0,0,0,42,717,212,2,0,1,0,3,0,13,1,1,0,3,0,0,1,0,0,1,157,1038
"WC2_BIO16.csv",180,23,135,0,0,0,0,0,0,0,0,0,212,811,211,3,0,2,0,1,0,25,1,1,0,5,0,0,2,0,0,0,251,637
"WC2_BIO17.csv",173,21,129,0,0,0,0,0,2,0,0,0,76,880,191,1,0,0,0,1,0,19,0,8,0,4,0,0,2,0,0,0,264,729
"WC2_BIO18.csv",157,21,140,0,0,0,0,0,0,0,0,0,137,875,129,1,0,0,2,3,7,14,0,4,0,3,0,0,0,0,0,0,253,754
"WC2_BIO19.csv",198,13,91,0,0,0,0,0,0,0,0,0,216,773,169,1,0,0,0,0,3,10,0,2,0,2,0,0,0,0,0,0,198,824
"WC2_BIO2.csv",194,22,142,0,2,0,0,0,0,0,0,0,86,812,202,3,0,0,0,3,6,19,0,4,1,3,0,0,0,0,0,1,233,767
"WC2_BIO3.csv",206,34,185,0,0,0,0,0,0,0,0,1,44,804,149,5,0,2,0,2,10,32,1,6,0,2,0,0,1,0,0,0,319,697
"WC2_BIO4.csv",249,25,127,0,0,0,2,0,4,0,0,0,133,592,212,4,0,0,0,2,6,7,1,2,0,4,0,0,1,0,0,0,216,913
"WC2_BIO5.csv",143,25,158,0,0,0,0,0,0,0,0,0,115,920,119,1,0,0,0,3,5,12,0,3,0,4,0,0,0,0,0,1,242,749
"WC2_BIO6.csv",215,22,96,0,0,0,2,0,4,0,1,0,159,612,213,4,0,2,0,2,3,8,0,4,0,2,0,0,0,0,0,0,233,918
"WC2_BIO7.csv",252,20,159,0,0,2,2,0,2,0,0,1,67,805,135,3,0,0,0,2,10,35,0,5,2,0,0,0,1,0,0,0,307,690
"WC2_BIO8.csv",179,28,141,0,2,0,0,0,4,0,1,0,107,706,180,1,0,2,0,0,2,18,0,6,0,3,0,0,0,0,0,0,188,932
"WC2_BIO9.csv",209,17,99,0,0,0,0,0,2,0,0,0,194,652,187,1,0,2,0,0,6,7,0,5,0,1,0,0,0,0,0,0,245,873
"WC2_Elevation.csv",173,18,118,0,0,0,0,0,4,0,1,0,85,791,177,1,0,3,0,0,6,11,0,6,0,1,0,0,0,0,0,0,242,863
"WC2_Pre_spring.csv",176,20,147,0,0,0,0,0,0,0,0,0,92,902,122,1,0,1,0,4,2,8,0,2,0,2,0,0,0,0,0,1,198,822
"WC2_Pre_summer.csv",246,7,88,0,0,0,0,0,0,0,0,0,125,675,196,5,0,2,0,3,6,15,0,3,0,7,0,0,1,0,0,0,242,879
"WC2_Solar_radiation_spring.csv",141,25,140,0,0,0,0,0,0,0,0,0,120,847,146,1,0,1,0,3,12,10,0,1,0,7,0,0,0,0,0,0,254,792
"WC2_Solar_radiation_summer.csv",277,15,125,0,2,0,0,0,0,0,0,0,52,709,241,3,0,1,0,0,2,19,0,1,0,10,0,0,0,0,0,0,270,773
"WC2_Tmax_spring.csv",222,23,141,0,0,0,0,0,2,0,1,0,119,634,190,0,0,2,0,0,8,7,0,5,0,3,0,0,0,0,0,1,252,890
"WC2_Tmax_summer.csv",166,22,152,0,0,0,0,0,4,0,0,0,114,670,157,0,0,3,0,1,10,14,0,5,0,3,0,0,0,0,0,0,248,931
"WC2_Tmin_spring.csv",189,19,96,0,0,0,0,0,2,0,1,0,200,642,190,0,0,2,0,0,6,6,0,3,0,1,0,0,0,0,0,0,280,863
"WC2_Tmin_summer.csv",180,13,121,0,2,0,0,0,4,0,1,0,113,736,189,0,0,2,0,0,4,14,0,6,0,4,0,0,0,0,0,0,199,912
"WC2_Water_vapor_pressure_spring.csv",224,22,133,0,2,0,0,0,0,0,0,0,81,695,202,1,0,0,0,0,1,11,0,3,0,2,0,0,0,0,0,0,258,865
"WC2_Water_vapor_pressure_summer.csv",210,33,168,0,2,0,0,0,6,0,0,0,103,712,167,2,0,2,0,0,0,13,0,3,0,3,0,0,0,0,0,1,219,856
